,Frequency,Angle of Attack,Chord Length,Velocity,Displacement Thickness,Pressure Level
0,800,0.0,0.3048,71.3,0.00266337,126.201
1,1000,0.0,0.3048,71.3,0.00266337,125.201
2,1250,0.0,0.3048,71.3,0.00266337,125.951
3,1600,0.0,0.3048,71.3,0.00266337,127.591
4,2000,0.0,0.3048,71.3,0.00266337,127.461
5,2500,0.0,0.3048,71.3,0.00266337,125.571
6,3150,0.0,0.3048,71.3,0.00266337,125.201
7,4000,0.0,0.3048,71.3,0.00266337,123.061
8,5000,0.0,0.3048,71.3,0.00266337,121.301
9,6300,0.0,0.3048,71.3,0.00266337,119.541
10,8000,0.0,0.3048,71.3,0.00266337,117.151
11,10000,0.0,0.3048,71.3,0.00266337,115.391
12,12500,0.0,0.3048,71.3,0.00266337,112.241
13,500,0.0,0.3048,55.5,0.00283081,126.416
14,630,0.0,0.3048,55.5,0.00283081,127.696
15,800,0.0,0.3048,55.5,0.00283081,128.086
16,1000,0.0,0.3048,55.5,0.00283081,126.966
17,1250,0.0,0.3048,55.5,0.00283081,126.086
18,1600,0.0,0.3048,55.5,0.00283081,126.986
19,2000,0.0,0.3048,55.5,0.00283081,126.616
20,2500,0.0,0.3048,55.5,0.00283081,124.106
21,3150,0.0,0.3048,55.5,0.00283081,123.236
22,4000,0.0,0.3048,55.5,0.00283081,121.106
23,5000,0.0,0.3048,55.5,0.00283081,119.606
24,6300,0.0,0.3048,55.5,0.00283081,117.976
25,8000,0.0,0.3048,55.5,0.00283081,116.476
26,10000,0.0,0.3048,55.5,0.00283081,113.076
27,200,0.0,0.3048,39.6,0.00310138,118.129
28,250,0.0,0.3048,39.6,0.00310138,119.319
29,315,0.0,0.3048,39.6,0.00310138,122.779
30,400,0.0,0.3048,39.6,0.00310138,124.809
31,500,0.0,0.3048,39.6,0.00310138,126.959
32,630,0.0,0.3048,39.6,0.00310138,128.629
33,800,0.0,0.3048,39.6,0.00310138,129.099
34,1000,0.0,0.3048,39.6,0.00310138,127.899
35,1250,0.0,0.3048,39.6,0.00310138,125.499
36,1600,0.0,0.3048,39.6,0.00310138,124.049
37,2000,0.0,0.3048,39.6,0.00310138,123.689
38,2500,0.0,0.3048,39.6,0.00310138,121.399
39,3150,0.0,0.3048,39.6,0.00310138,120.319
40,4000,0.0,0.3048,39.6,0.00310138,119.229
41,5000,0.0,0.3048,39.6,0.00310138,117.789
42,6300,0.0,0.3048,39.6,0.00310138,116.229
43,8000,0.0,0.3048,39.6,0.00310138,114.779
44,10000,0.0,0.3048,39.6,0.00310138,112.139
45,200,0.0,0.3048,31.7,0.00331266,117.195
46,250,0.0,0.3048,31.7,0.00331266,118.595
47,315,0.0,0.3048,31.7,0.00331266,122.765
48,400,0.0,0.3048,31.7,0.00331266,125.045
49,500,0.0,0.3048,31.7,0.00331266,127.315
50,630,0.0,0.3048,31.7,0.00331266,129.095
51,800,0.0,0.3048,31.7,0.00331266,129.235
52,1000,0.0,0.3048,31.7,0.00331266,127.365
53,1250,0.0,0.3048,31.7,0.00331266,124.355
54,1600,0.0,0.3048,31.7,0.00331266,122.365
55,2000,0.0,0.3048,31.7,0.00331266,122.375
56,2500,0.0,0.3048,31.7,0.00331266,120.755
57,3150,0.0,0.3048,31.7,0.00331266,119.135
58,4000,0.0,0.3048,31.7,0.00331266,118.145
59,5000,0.0,0.3048,31.7,0.00331266,115.645
60,6300,0.0,0.3048,31.7,0.00331266,113.775
61,800,1.5,0.3048,71.3,0.00336729,127.122
62,1000,1.5,0.3048,71.3,0.00336729,125.992
63,1250,1.5,0.3048,71.3,0.00336729,125.872
64,1600,1.5,0.3048,71.3,0.00336729,126.632
65,2000,1.5,0.3048,71.3,0.00336729,126.642
66,2500,1.5,0.3048,71.3,0.00336729,124.512
67,3150,1.5,0.3048,71.3,0.00336729,123.392
68,4000,1.5,0.3048,71.3,0.00336729,121.762
69,5000,1.5,0.3048,71.3,0.00336729,119.632
70,6300,1.5,0.3048,71.3,0.00336729,118.122
71,8000,1.5,0.3048,71.3,0.00336729,115.372
72,10000,1.5,0.3048,71.3,0.00336729,113.492
73,315,1.5,0.3048,39.6,0.00392107,121.851
74,400,1.5,0.3048,39.6,0.00392107,124.001
75,500,1.5,0.3048,39.6,0.00392107,126.661
76,630,1.5,0.3048,39.6,0.00392107,128.311
77,800,1.5,0.3048,39.6,0.00392107,128.831
78,1000,1.5,0.3048,39.6,0.00392107,127.581
79,1250,1.5,0.3048,39.6,0.00392107,125.211
80,1600,1.5,0.3048,39.6,0.00392107,122.211
81,2000,1.5,0.3048,39.6,0.00392107,122.101
82,2500,1.5,0.3048,39.6,0.00392107,120.981
83,3150,1.5,0.3048,39.6,0.00392107,119.111
84,4000,1.5,0.3048,39.6,0.00392107,117.741
85,5000,1.5,0.3048,39.6,0.00392107,116.241
86,6300,1.5,0.3048,39.6,0.00392107,114.751
87,8000,1.5,0.3048,39.6,0.00392107,112.251
88,400,3.0,0.3048,71.3,0.00425727,127.564
89,500,3.0,0.3048,71.3,0.00425727,128.454
90,630,3.0,0.3048,71.3,0.00425727,129.354
91,800,3.0,0.3048,71.3,0.00425727,129.494
92,1000,3.0,0.3048,71.3,0.00425727,129.004
93,1250,3.0,0.3048,71.3,0.00425727,127.634
94,1600,3.0,0.3048,71.3,0.00425727,126.514
95,2000,3.0,0.3048,71.3,0.00425727,125.524
96,2500,3.0,0.3048,71.3,0.00425727,124.024
97,3150,3.0,0.3048,71.3,0.00425727,121.514
98,4000,3.0,0.3048,71.3,0.00425727,120.264
99,5000,3.0,0.3048,71.3,0.00425727,118.134
100,6300,3.0,0.3048,71.3,0.00425727,116.134
101,8000,3.0,0.3048,71.3,0.00425727,114.634
102,400,3.0,0.3048,55.5,0.00452492,126.159
103,500,3.0,0.3048,55.5,0.00452492,128.179
104,630,3.0,0.3048,55.5,0.00452492,129.569
105,800,3.0,0.3048,55.5,0.00452492,129.949
106,1000,3.0,0.3048,55.5,0.00452492,129.329
107,1250,3.0,0.3048,55.5,0.00452492,127.329
108,1600,3.0,0.3048,55.5,0.00452492,124.439
109,2000,3.0,0.3048,55.5,0.00452492,123.069
110,2500,3.0,0.3048,55.5,0.00452492,122.439
111,3150,3.0,0.3048,55.5,0.00452492,120.189
112,4000,3.0,0.3048,55.5,0.00452492,118.689
113,5000,3.0,0.3048,55.5,0.00452492,117.309
114,6300,3.0,0.3048,55.5,0.00452492,115.679
115,8000,3.0,0.3048,55.5,0.00452492,113.799
116,10000,3.0,0.3048,55.5,0.00452492,112.169
117,315,3.0,0.3048,39.6,0.00495741,123.312
118,400,3.0,0.3048,39.6,0.00495741,125.472
119,500,3.0,0.3048,39.6,0.00495741,127.632
120,630,3.0,0.3048,39.6,0.00495741,129.292
121,800,3.0,0.3048,39.6,0.00495741,129.552
122,1000,3.0,0.3048,39.6,0.00495741,128.312
123,1250,3.0,0.3048,39.6,0.00495741,125.802
124,1600,3.0,0.3048,39.6,0.00495741,122.782
125,2000,3.0,0.3048,39.6,0.00495741,120.532
126,2500,3.0,0.3048,39.6,0.00495741,120.162
127,3150,3.0,0.3048,39.6,0.00495741,118.922
128,4000,3.0,0.3048,39.6,0.00495741,116.792
129,5000,3.0,0.3048,39.6,0.00495741,115.792
130,6300,3.0,0.3048,39.6,0.00495741,114.042
131,315,3.0,0.3048,31.7,0.00529514,123.118
132,400,3.0,0.3048,31.7,0.00529514,125.398
133,500,3.0,0.3048,31.7,0.00529514,127.548
134,630,3.0,0.3048,31.7,0.00529514,128.698
135,800,3.0,0.3048,31.7,0.00529514,128.708
136,1000,3.0,0.3048,31.7,0.00529514,126.838
137,1250,3.0,0.3048,31.7,0.00529514,124.838
138,1600,3.0,0.3048,31.7,0.00529514,122.088
139,2000,3.0,0.3048,31.7,0.00529514,120.088
140,2500,3.0,0.3048,31.7,0.00529514,119.598
141,3150,3.0,0.3048,31.7,0.00529514,118.108
142,4000,3.0,0.3048,31.7,0.00529514,115.608
143,5000,3.0,0.3048,31.7,0.00529514,113.858
144,250,4.0,0.3048,71.3,0.00497773,126.395
145,315,4.0,0.3048,71.3,0.00497773,128.175
146,400,4.0,0.3048,71.3,0.00497773,129.575
147,500,4.0,0.3048,71.3,0.00497773,130.715
148,630,4.0,0.3048,71.3,0.00497773,131.615
149,800,4.0,0.3048,71.3,0.00497773,131.755
150,1000,4.0,0.3048,71.3,0.00497773,131.015
151,1250,4.0,0.3048,71.3,0.00497773,129.395
152,1600,4.0,0.3048,71.3,0.00497773,126.645
153,2000,4.0,0.3048,71.3,0.00497773,124.395
154,2500,4.0,0.3048,71.3,0.00497773,123.775
155,3150,4.0,0.3048,71.3,0.00497773,121.775
156,4000,4.0,0.3048,71.3,0.00497773,119.535
157,5000,4.0,0.3048,71.3,0.00497773,117.785
158,6300,4.0,0.3048,71.3,0.00497773,116.165
159,8000,4.0,0.3048,71.3,0.00497773,113.665
160,250,4.0,0.3048,39.6,0.00579636,123.543
161,315,4.0,0.3048,39.6,0.00579636,126.843
162,400,4.0,0.3048,39.6,0.00579636,128.633
163,500,4.0,0.3048,39.6,0.00579636,130.173
164,630,4.0,0.3048,39.6,0.00579636,131.073
165,800,4.0,0.3048,39.6,0.00579636,130.723
166,1000,4.0,0.3048,39.6,0.00579636,128.723
167,1250,4.0,0.3048,39.6,0.00579636,126.343
168,1600,4.0,0.3048,39.6,0.00579636,123.213
169,2000,4.0,0.3048,39.6,0.00579636,120.963
170,2500,4.0,0.3048,39.6,0.00579636,120.233
171,3150,4.0,0.3048,39.6,0.00579636,118.743
172,4000,4.0,0.3048,39.6,0.00579636,115.863
173,5000,4.0,0.3048,39.6,0.00579636,113.733
174,1250,0.0,0.2286,71.3,0.00214345,128.144
175,1600,0.0,0.2286,71.3,0.00214345,129.134
176,2000,0.0,0.2286,71.3,0.00214345,128.244
177,2500,0.0,0.2286,71.3,0.00214345,128.354
178,3150,0.0,0.2286,71.3,0.00214345,127.834
179,4000,0.0,0.2286,71.3,0.00214345,125.824
180,5000,0.0,0.2286,71.3,0.00214345,124.304
181,6300,0.0,0.2286,71.3,0.00214345,122.044
182,8000,0.0,0.2286,71.3,0.00214345,118.024
183,10000,0.0,0.2286,71.3,0.00214345,118.134
184,12500,0.0,0.2286,71.3,0.00214345,117.624
185,16000,0.0,0.2286,71.3,0.00214345,114.984
186,20000,0.0,0.2286,71.3,0.00214345,114.474
187,315,0.0,0.2286,55.5,0.00229336,119.54
188,400,0.0,0.2286,55.5,0.00229336,121.66
189,500,0.0,0.2286,55.5,0.00229336,123.78
190,630,0.0,0.2286,55.5,0.00229336,126.16
191,800,0.0,0.2286,55.5,0.00229336,127.53
192,1000,0.0,0.2286,55.5,0.00229336,128.29
193,1250,0.0,0.2286,55.5,0.00229336,127.91
194,1600,0.0,0.2286,55.5,0.00229336,126.79
195,2000,0.0,0.2286,55.5,0.00229336,126.54
196,2500,0.0,0.2286,55.5,0.00229336,126.54
197,3150,0.0,0.2286,55.5,0.00229336,125.16
198,4000,0.0,0.2286,55.5,0.00229336,123.41
199,5000,0.0,0.2286,55.5,0.00229336,122.41
200,6300,0.0,0.2286,55.5,0.00229336,118.41
201,315,0.0,0.2286,39.6,0.00253511,121.055
202,400,0.0,0.2286,39.6,0.00253511,123.565
203,500,0.0,0.2286,39.6,0.00253511,126.195
204,630,0.0,0.2286,39.6,0.00253511,128.705
205,800,0.0,0.2286,39.6,0.00253511,130.205
206,1000,0.0,0.2286,39.6,0.00253511,130.435
207,1250,0.0,0.2286,39.6,0.00253511,129.395
208,1600,0.0,0.2286,39.6,0.00253511,127.095
209,2000,0.0,0.2286,39.6,0.00253511,125.305
210,2500,0.0,0.2286,39.6,0.00253511,125.025
211,3150,0.0,0.2286,39.6,0.00253511,124.625
212,4000,0.0,0.2286,39.6,0.00253511,123.465
213,5000,0.0,0.2286,39.6,0.00253511,122.175
214,6300,0.0,0.2286,39.6,0.00253511,117.465
215,315,0.0,0.2286,31.7,0.0027238,120.595
216,400,0.0,0.2286,31.7,0.0027238,123.635
217,500,0.0,0.2286,31.7,0.0027238,126.675
218,630,0.0,0.2286,31.7,0.0027238,129.465
219,800,0.0,0.2286,31.7,0.0027238,130.725
220,1000,0.0,0.2286,31.7,0.0027238,130.595
221,1250,0.0,0.2286,31.7,0.0027238,128.805
222,1600,0.0,0.2286,31.7,0.0027238,125.625
223,2000,0.0,0.2286,31.7,0.0027238,123.455
224,2500,0.0,0.2286,31.7,0.0027238,123.445
225,3150,0.0,0.2286,31.7,0.0027238,123.445
226,4000,0.0,0.2286,31.7,0.0027238,122.035
227,5000,0.0,0.2286,31.7,0.0027238,120.505
228,6300,0.0,0.2286,31.7,0.0027238,116.815
229,400,2.0,0.2286,71.3,0.00293031,125.116
230,500,2.0,0.2286,71.3,0.00293031,126.486
231,630,2.0,0.2286,71.3,0.00293031,127.356
232,800,2.0,0.2286,71.3,0.00293031,128.216
233,1000,2.0,0.2286,71.3,0.00293031,128.956
234,1250,2.0,0.2286,71.3,0.00293031,128.816
235,1600,2.0,0.2286,71.3,0.00293031,127.796
236,2000,2.0,0.2286,71.3,0.00293031,126.896
237,2500,2.0,0.2286,71.3,0.00293031,127.006
238,3150,2.0,0.2286,71.3,0.00293031,126.116
239,4000,2.0,0.2286,71.3,0.00293031,124.086
240,5000,2.0,0.2286,71.3,0.00293031,122.816
241,6300,2.0,0.2286,71.3,0.00293031,120.786
242,8000,2.0,0.2286,71.3,0.00293031,115.996
243,10000,2.0,0.2286,71.3,0.00293031,113.086
244,400,2.0,0.2286,55.5,0.00313525,122.292
245,500,2.0,0.2286,55.5,0.00313525,124.692
246,630,2.0,0.2286,55.5,0.00313525,126.842
247,800,2.0,0.2286,55.5,0.00313525,128.492
248,1000,2.0,0.2286,55.5,0.00313525,129.002
249,1250,2.0,0.2286,55.5,0.00313525,128.762
250,1600,2.0,0.2286,55.5,0.00313525,126.752
251,2000,2.0,0.2286,55.5,0.00313525,124.612
252,2500,2.0,0.2286,55.5,0.00313525,123.862
253,3150,2.0,0.2286,55.5,0.00313525,123.742
254,4000,2.0,0.2286,55.5,0.00313525,122.232
255,5000,2.0,0.2286,55.5,0.00313525,120.472
256,6300,2.0,0.2286,55.5,0.00313525,118.712
257,315,2.0,0.2286,39.6,0.00346574,120.137
258,400,2.0,0.2286,39.6,0.00346574,122.147
259,500,2.0,0.2286,39.6,0.00346574,125.157
260,630,2.0,0.2286,39.6,0.00346574,127.417
261,800,2.0,0.2286,39.6,0.00346574,129.037
262,1000,2.0,0.2286,39.6,0.00346574,129.147
263,1250,2.0,0.2286,39.6,0.00346574,128.257
264,1600,2.0,0.2286,39.6,0.00346574,125.837
265,2000,2.0,0.2286,39.6,0.00346574,122.797
266,2500,2.0,0.2286,39.6,0.00346574,121.397
267,3150,2.0,0.2286,39.6,0.00346574,121.627
268,4000,2.0,0.2286,39.6,0.00346574,120.227
269,5000,2.0,0.2286,39.6,0.00346574,118.827
270,6300,2.0,0.2286,39.6,0.00346574,116.417
271,315,2.0,0.2286,31.7,0.00372371,120.147
272,400,2.0,0.2286,31.7,0.00372371,123.417
273,500,2.0,0.2286,31.7,0.00372371,126.677
274,630,2.0,0.2286,31.7,0.00372371,129.057
275,800,2.0,0.2286,31.7,0.00372371,130.307
276,1000,2.0,0.2286,31.7,0.00372371,130.307
277,1250,2.0,0.2286,31.7,0.00372371,128.677
278,1600,2.0,0.2286,31.7,0.00372371,125.797
279,2000,2.0,0.2286,31.7,0.00372371,123.037
280,2500,2.0,0.2286,31.7,0.00372371,121.407
281,3150,2.0,0.2286,31.7,0.00372371,121.527
282,4000,2.0,0.2286,31.7,0.00372371,120.527
283,5000,2.0,0.2286,31.7,0.00372371,118.267
284,6300,2.0,0.2286,31.7,0.00372371,115.137
285,500,4.0,0.2286,71.3,0.00400603,126.758
286,630,4.0,0.2286,71.3,0.00400603,129.038
287,800,4.0,0.2286,71.3,0.00400603,130.688
288,1000,4.0,0.2286,71.3,0.00400603,131.708
289,1250,4.0,0.2286,71.3,0.00400603,131.718
290,1600,4.0,0.2286,71.3,0.00400603,129.468
291,2000,4.0,0.2286,71.3,0.00400603,126.218
292,2500,4.0,0.2286,71.3,0.00400603,124.338
293,3150,4.0,0.2286,71.3,0.00400603,124.108
294,4000,4.0,0.2286,71.3,0.00400603,121.728
295,5000,4.0,0.2286,71.3,0.00400603,121.118
296,6300,4.0,0.2286,71.3,0.00400603,118.618
297,8000,4.0,0.2286,71.3,0.00400603,112.848
298,10000,4.0,0.2286,71.3,0.00400603,113.108
299,12500,4.0,0.2286,71.3,0.00400603,114.258
300,16000,4.0,0.2286,71.3,0.00400603,112.768
301,400,4.0,0.2286,55.5,0.0042862,123.274
302,500,4.0,0.2286,55.5,0.0042862,127.314
303,630,4.0,0.2286,55.5,0.0042862,129.964
304,800,4.0,0.2286,55.5,0.0042862,131.864
305,1000,4.0,0.2286,55.5,0.0042862,132.134
306,1250,4.0,0.2286,55.5,0.0042862,131.264
307,1600,4.0,0.2286,55.5,0.0042862,128.264
308,2000,4.0,0.2286,55.5,0.0042862,124.254
309,2500,4.0,0.2286,55.5,0.0042862,122.384
310,3150,4.0,0.2286,55.5,0.0042862,122.394
311,4000,4.0,0.2286,55.5,0.0042862,120.654
312,5000,4.0,0.2286,55.5,0.0042862,120.034
313,6300,4.0,0.2286,55.5,0.0042862,117.154
314,8000,4.0,0.2286,55.5,0.0042862,112.524
315,315,4.0,0.2286,39.6,0.00473801,122.229
316,400,4.0,0.2286,39.6,0.00473801,123.879
317,500,4.0,0.2286,39.6,0.00473801,127.039
318,630,4.0,0.2286,39.6,0.00473801,129.579
319,800,4.0,0.2286,39.6,0.00473801,130.469
320,1000,4.0,0.2286,39.6,0.00473801,129.969
321,1250,4.0,0.2286,39.6,0.00473801,128.339
322,1600,4.0,0.2286,39.6,0.00473801,125.319
323,2000,4.0,0.2286,39.6,0.00473801,121.659
324,2500,4.0,0.2286,39.6,0.00473801,119.649
325,3150,4.0,0.2286,39.6,0.00473801,120.419
326,4000,4.0,0.2286,39.6,0.00473801,119.159
327,5000,4.0,0.2286,39.6,0.00473801,117.649
328,6300,4.0,0.2286,39.6,0.00473801,114.249
329,8000,4.0,0.2286,39.6,0.00473801,113.129
330,250,4.0,0.2286,31.7,0.00509068,120.189
331,315,4.0,0.2286,31.7,0.00509068,123.609
332,400,4.0,0.2286,31.7,0.00509068,126.149
333,500,4.0,0.2286,31.7,0.00509068,128.939
334,630,4.0,0.2286,31.7,0.00509068,130.349
335,800,4.0,0.2286,31.7,0.00509068,130.869
336,1000,4.0,0.2286,31.7,0.00509068,129.869
337,1250,4.0,0.2286,31.7,0.00509068,128.119
338,1600,4.0,0.2286,31.7,0.00509068,125.229
339,2000,4.0,0.2286,31.7,0.00509068,122.089
340,2500,4.0,0.2286,31.7,0.00509068,120.209
341,3150,4.0,0.2286,31.7,0.00509068,120.229
342,4000,4.0,0.2286,31.7,0.00509068,118.859
343,5000,4.0,0.2286,31.7,0.00509068,115.969
344,6300,4.0,0.2286,31.7,0.00509068,112.699
345,400,5.3,0.2286,71.3,0.0051942,127.7
346,500,5.3,0.2286,71.3,0.0051942,129.88
347,630,5.3,0.2286,71.3,0.0051942,131.8
348,800,5.3,0.2286,71.3,0.0051942,133.48
349,1000,5.3,0.2286,71.3,0.0051942,134.0
350,1250,5.3,0.2286,71.3,0.0051942,133.38
351,1600,5.3,0.2286,71.3,0.0051942,130.46
352,2000,5.3,0.2286,71.3,0.0051942,125.89
353,2500,5.3,0.2286,71.3,0.0051942,123.74
354,3150,5.3,0.2286,71.3,0.0051942,123.12
355,4000,5.3,0.2286,71.3,0.0051942,120.33
356,5000,5.3,0.2286,71.3,0.0051942,118.05
357,6300,5.3,0.2286,71.3,0.0051942,116.92
358,8000,5.3,0.2286,71.3,0.0051942,114.9
359,10000,5.3,0.2286,71.3,0.0051942,111.35
360,250,5.3,0.2286,39.6,0.00614329,127.011
361,315,5.3,0.2286,39.6,0.00614329,129.691
362,400,5.3,0.2286,39.6,0.00614329,131.221
363,500,5.3,0.2286,39.6,0.00614329,132.251
364,630,5.3,0.2286,39.6,0.00614329,132.011
365,800,5.3,0.2286,39.6,0.00614329,129.491
366,1000,5.3,0.2286,39.6,0.00614329,125.581
367,1250,5.3,0.2286,39.6,0.00614329,125.721
368,1600,5.3,0.2286,39.6,0.00614329,123.081
369,2000,5.3,0.2286,39.6,0.00614329,117.911
370,2500,5.3,0.2286,39.6,0.00614329,116.151
371,3150,5.3,0.2286,39.6,0.00614329,118.441
372,4000,5.3,0.2286,39.6,0.00614329,115.801
373,5000,5.3,0.2286,39.6,0.00614329,115.311
374,6300,5.3,0.2286,39.6,0.00614329,112.541
375,500,7.3,0.2286,71.3,0.0104404,136.798
376,630,7.3,0.2286,71.3,0.0104404,133.768
377,800,7.3,0.2286,71.3,0.0104404,130.748
378,1000,7.3,0.2286,71.3,0.0104404,126.838
379,1250,7.3,0.2286,71.3,0.0104404,127.358
380,1600,7.3,0.2286,71.3,0.0104404,125.728
381,2000,7.3,0.2286,71.3,0.0104404,122.708
382,2500,7.3,0.2286,71.3,0.0104404,122.088
383,3150,7.3,0.2286,71.3,0.0104404,120.458
384,4000,7.3,0.2286,71.3,0.0104404,119.208
385,5000,7.3,0.2286,71.3,0.0104404,115.298
386,6300,7.3,0.2286,71.3,0.0104404,115.818
387,200,7.3,0.2286,55.5,0.0111706,135.234
388,250,7.3,0.2286,55.5,0.0111706,136.384
389,315,7.3,0.2286,55.5,0.0111706,136.284
390,400,7.3,0.2286,55.5,0.0111706,135.924
391,500,7.3,0.2286,55.5,0.0111706,133.174
392,630,7.3,0.2286,55.5,0.0111706,130.934
393,800,7.3,0.2286,55.5,0.0111706,128.444
394,1000,7.3,0.2286,55.5,0.0111706,125.194
395,1250,7.3,0.2286,55.5,0.0111706,125.724
396,1600,7.3,0.2286,55.5,0.0111706,123.354
397,2000,7.3,0.2286,55.5,0.0111706,120.354
398,2500,7.3,0.2286,55.5,0.0111706,118.994
399,3150,7.3,0.2286,55.5,0.0111706,117.134
400,4000,7.3,0.2286,55.5,0.0111706,117.284
401,5000,7.3,0.2286,55.5,0.0111706,113.144
402,6300,7.3,0.2286,55.5,0.0111706,111.534
403,200,7.3,0.2286,39.6,0.0123481,130.989
404,250,7.3,0.2286,39.6,0.0123481,131.889
405,315,7.3,0.2286,39.6,0.0123481,132.149
406,400,7.3,0.2286,39.6,0.0123481,132.039
407,500,7.3,0.2286,39.6,0.0123481,130.299
408,630,7.3,0.2286,39.6,0.0123481,128.929
409,800,7.3,0.2286,39.6,0.0123481,126.299
410,1000,7.3,0.2286,39.6,0.0123481,122.539
411,1250,7.3,0.2286,39.6,0.0123481,123.189
412,1600,7.3,0.2286,39.6,0.0123481,121.059
413,2000,7.3,0.2286,39.6,0.0123481,117.809
414,2500,7.3,0.2286,39.6,0.0123481,116.559
415,3150,7.3,0.2286,39.6,0.0123481,114.309
416,4000,7.3,0.2286,39.6,0.0123481,114.079
417,5000,7.3,0.2286,39.6,0.0123481,111.959
418,200,7.3,0.2286,31.7,0.0132672,128.679
419,250,7.3,0.2286,31.7,0.0132672,130.089
420,315,7.3,0.2286,31.7,0.0132672,130.239
421,400,7.3,0.2286,31.7,0.0132672,130.269
422,500,7.3,0.2286,31.7,0.0132672,128.169
423,630,7.3,0.2286,31.7,0.0132672,126.189
424,800,7.3,0.2286,31.7,0.0132672,123.209
425,1000,7.3,0.2286,31.7,0.0132672,119.099
426,1250,7.3,0.2286,31.7,0.0132672,120.509
427,1600,7.3,0.2286,31.7,0.0132672,119.039
428,2000,7.3,0.2286,31.7,0.0132672,115.309
429,2500,7.3,0.2286,31.7,0.0132672,114.709
430,3150,7.3,0.2286,31.7,0.0132672,113.229
431,4000,7.3,0.2286,31.7,0.0132672,112.639
432,800,0.0,0.1524,71.3,0.0015988,125.817
433,1000,0.0,0.1524,71.3,0.0015988,127.307
434,1250,0.0,0.1524,71.3,0.0015988,128.927
435,1600,0.0,0.1524,71.3,0.0015988,129.667
436,2000,0.0,0.1524,71.3,0.0015988,128.647
437,2500,0.0,0.1524,71.3,0.0015988,128.127
438,3150,0.0,0.1524,71.3,0.0015988,129.377
439,4000,0.0,0.1524,71.3,0.0015988,128.857
440,5000,0.0,0.1524,71.3,0.0015988,126.457
441,6300,0.0,0.1524,71.3,0.0015988,125.427
442,8000,0.0,0.1524,71.3,0.0015988,122.527
443,10000,0.0,0.1524,71.3,0.0015988,120.247
444,12500,0.0,0.1524,71.3,0.0015988,117.087
445,16000,0.0,0.1524,71.3,0.0015988,113.297
446,500,0.0,0.1524,55.5,0.00172668,120.573
447,630,0.0,0.1524,55.5,0.00172668,123.583
448,800,0.0,0.1524,55.5,0.00172668,126.713
449,1000,0.0,0.1524,55.5,0.00172668,128.583
450,1250,0.0,0.1524,55.5,0.00172668,129.953
451,1600,0.0,0.1524,55.5,0.00172668,130.183
452,2000,0.0,0.1524,55.5,0.00172668,129.673
453,2500,0.0,0.1524,55.5,0.00172668,127.763
454,3150,0.0,0.1524,55.5,0.00172668,127.753
455,4000,0.0,0.1524,55.5,0.00172668,127.233
456,5000,0.0,0.1524,55.5,0.00172668,125.203
457,6300,0.0,0.1524,55.5,0.00172668,123.303
458,8000,0.0,0.1524,55.5,0.00172668,121.903
459,10000,0.0,0.1524,55.5,0.00172668,119.253
460,12500,0.0,0.1524,55.5,0.00172668,117.093
461,16000,0.0,0.1524,55.5,0.00172668,112.803
462,500,0.0,0.1524,39.6,0.00193287,119.513
463,630,0.0,0.1524,39.6,0.00193287,124.403
464,800,0.0,0.1524,39.6,0.00193287,127.903
465,1000,0.0,0.1524,39.6,0.00193287,130.033
466,1250,0.0,0.1524,39.6,0.00193287,131.023
467,1600,0.0,0.1524,39.6,0.00193287,131.013
468,2000,0.0,0.1524,39.6,0.00193287,129.633
469,2500,0.0,0.1524,39.6,0.00193287,126.863
470,3150,0.0,0.1524,39.6,0.00193287,125.603
471,4000,0.0,0.1524,39.6,0.00193287,125.343
472,5000,0.0,0.1524,39.6,0.00193287,123.453
473,6300,0.0,0.1524,39.6,0.00193287,121.313
474,8000,0.0,0.1524,39.6,0.00193287,120.553
475,10000,0.0,0.1524,39.6,0.00193287,115.413
476,500,0.0,0.1524,31.7,0.00209405,121.617
477,630,0.0,0.1524,31.7,0.00209405,125.997
478,800,0.0,0.1524,31.7,0.00209405,129.117
479,1000,0.0,0.1524,31.7,0.00209405,130.987
480,1250,0.0,0.1524,31.7,0.00209405,131.467
481,1600,0.0,0.1524,31.7,0.00209405,130.817
482,2000,0.0,0.1524,31.7,0.00209405,128.907
483,2500,0.0,0.1524,31.7,0.00209405,125.867
484,3150,0.0,0.1524,31.7,0.00209405,124.207
485,4000,0.0,0.1524,31.7,0.00209405,123.807
486,5000,0.0,0.1524,31.7,0.00209405,122.397
487,6300,0.0,0.1524,31.7,0.00209405,119.737
488,8000,0.0,0.1524,31.7,0.00209405,117.957
489,630,2.7,0.1524,71.3,0.00243851,127.404
490,800,2.7,0.1524,71.3,0.00243851,127.394
491,1000,2.7,0.1524,71.3,0.00243851,128.774
492,1250,2.7,0.1524,71.3,0.00243851,130.144
493,1600,2.7,0.1524,71.3,0.00243851,130.644
494,2000,2.7,0.1524,71.3,0.00243851,130.114
495,2500,2.7,0.1524,71.3,0.00243851,128.334
496,3150,2.7,0.1524,71.3,0.00243851,127.054
497,4000,2.7,0.1524,71.3,0.00243851,126.534
498,5000,2.7,0.1524,71.3,0.00243851,124.364
499,6300,2.7,0.1524,71.3,0.00243851,121.944
500,8000,2.7,0.1524,71.3,0.00243851,120.534
501,10000,2.7,0.1524,71.3,0.00243851,116.724
502,12500,2.7,0.1524,71.3,0.00243851,113.034
503,500,2.7,0.1524,39.6,0.00294804,121.009
504,630,2.7,0.1524,39.6,0.00294804,125.809
505,800,2.7,0.1524,39.6,0.00294804,128.829
506,1000,2.7,0.1524,39.6,0.00294804,130.589
507,1250,2.7,0.1524,39.6,0.00294804,130.829
508,1600,2.7,0.1524,39.6,0.00294804,130.049
509,2000,2.7,0.1524,39.6,0.00294804,128.139
510,2500,2.7,0.1524,39.6,0.00294804,125.589
511,3150,2.7,0.1524,39.6,0.00294804,122.919
512,4000,2.7,0.1524,39.6,0.00294804,121.889
513,5000,2.7,0.1524,39.6,0.00294804,121.499
514,6300,2.7,0.1524,39.6,0.00294804,119.209
515,8000,2.7,0.1524,39.6,0.00294804,116.659
516,10000,2.7,0.1524,39.6,0.00294804,112.589
517,400,5.4,0.1524,71.3,0.00401199,124.121
518,500,5.4,0.1524,71.3,0.00401199,126.291
519,630,5.4,0.1524,71.3,0.00401199,128.971
520,800,5.4,0.1524,71.3,0.00401199,131.281
521,1000,5.4,0.1524,71.3,0.00401199,133.201
522,1250,5.4,0.1524,71.3,0.00401199,134.111
523,1600,5.4,0.1524,71.3,0.00401199,133.241
524,2000,5.4,0.1524,71.3,0.00401199,131.111
525,2500,5.4,0.1524,71.3,0.00401199,127.591
526,3150,5.4,0.1524,71.3,0.00401199,123.311
527,4000,5.4,0.1524,71.3,0.00401199,121.431
528,5000,5.4,0.1524,71.3,0.00401199,120.061
529,6300,5.4,0.1524,71.3,0.00401199,116.411
530,400,5.4,0.1524,55.5,0.00433288,126.807
531,500,5.4,0.1524,55.5,0.00433288,129.367
532,630,5.4,0.1524,55.5,0.00433288,131.807
533,800,5.4,0.1524,55.5,0.00433288,133.097
534,1000,5.4,0.1524,55.5,0.00433288,132.127
535,1250,5.4,0.1524,55.5,0.00433288,130.777
536,1600,5.4,0.1524,55.5,0.00433288,130.567
537,2000,5.4,0.1524,55.5,0.00433288,128.707
538,2500,5.4,0.1524,55.5,0.00433288,124.077
539,3150,5.4,0.1524,55.5,0.00433288,121.587
540,4000,5.4,0.1524,55.5,0.00433288,119.737
541,5000,5.4,0.1524,55.5,0.00433288,118.757
542,6300,5.4,0.1524,55.5,0.00433288,117.287
543,8000,5.4,0.1524,55.5,0.00433288,114.927
544,315,5.4,0.1524,39.6,0.00485029,125.347
545,400,5.4,0.1524,39.6,0.00485029,127.637
546,500,5.4,0.1524,39.6,0.00485029,129.937
547,630,5.4,0.1524,39.6,0.00485029,132.357
548,800,5.4,0.1524,39.6,0.00485029,132.757
549,1000,5.4,0.1524,39.6,0.00485029,130.507
550,1250,5.4,0.1524,39.6,0.00485029,127.117
551,1600,5.4,0.1524,39.6,0.00485029,126.267
552,2000,5.4,0.1524,39.6,0.00485029,124.647
553,2500,5.4,0.1524,39.6,0.00485029,120.497
554,3150,5.4,0.1524,39.6,0.00485029,119.137
555,4000,5.4,0.1524,39.6,0.00485029,117.137
556,5000,5.4,0.1524,39.6,0.00485029,117.037
557,6300,5.4,0.1524,39.6,0.00485029,116.677
558,315,5.4,0.1524,31.7,0.00525474,125.741
559,400,5.4,0.1524,31.7,0.00525474,127.781
560,500,5.4,0.1524,31.7,0.00525474,129.681
561,630,5.4,0.1524,31.7,0.00525474,131.471
562,800,5.4,0.1524,31.7,0.00525474,131.491
563,1000,5.4,0.1524,31.7,0.00525474,128.241
564,1250,5.4,0.1524,31.7,0.00525474,123.991
565,1600,5.4,0.1524,31.7,0.00525474,123.761
566,2000,5.4,0.1524,31.7,0.00525474,122.771
567,2500,5.4,0.1524,31.7,0.00525474,119.151
568,3150,5.4,0.1524,31.7,0.00525474,118.291
569,4000,5.4,0.1524,31.7,0.00525474,116.181
570,5000,5.4,0.1524,31.7,0.00525474,115.691
571,6300,5.4,0.1524,31.7,0.00525474,115.591
572,315,7.2,0.1524,71.3,0.00752039,128.713
573,400,7.2,0.1524,71.3,0.00752039,130.123
574,500,7.2,0.1524,71.3,0.00752039,132.043
575,630,7.2,0.1524,71.3,0.00752039,134.853
576,800,7.2,0.1524,71.3,0.00752039,136.023
577,1000,7.2,0.1524,71.3,0.00752039,134.273
578,1250,7.2,0.1524,71.3,0.00752039,132.513
579,1600,7.2,0.1524,71.3,0.00752039,130.893
580,2000,7.2,0.1524,71.3,0.00752039,128.643
581,2500,7.2,0.1524,71.3,0.00752039,124.353
582,3150,7.2,0.1524,71.3,0.00752039,116.783
583,4000,7.2,0.1524,71.3,0.00752039,119.343
584,5000,7.2,0.1524,71.3,0.00752039,118.343
585,6300,7.2,0.1524,71.3,0.00752039,116.603
586,8000,7.2,0.1524,71.3,0.00752039,113.333
587,250,7.2,0.1524,39.6,0.00909175,127.488
588,315,7.2,0.1524,39.6,0.00909175,130.558
589,400,7.2,0.1524,39.6,0.00909175,132.118
590,500,7.2,0.1524,39.6,0.00909175,132.658
591,630,7.2,0.1524,39.6,0.00909175,133.198
592,800,7.2,0.1524,39.6,0.00909175,132.358
593,1000,7.2,0.1524,39.6,0.00909175,128.338
594,1250,7.2,0.1524,39.6,0.00909175,122.428
595,1600,7.2,0.1524,39.6,0.00909175,120.058
596,2000,7.2,0.1524,39.6,0.00909175,120.228
597,2500,7.2,0.1524,39.6,0.00909175,117.478
598,3150,7.2,0.1524,39.6,0.00909175,111.818
599,4000,7.2,0.1524,39.6,0.00909175,114.258
600,5000,7.2,0.1524,39.6,0.00909175,113.288
601,6300,7.2,0.1524,39.6,0.00909175,112.688
602,8000,7.2,0.1524,39.6,0.00909175,111.588
603,200,9.9,0.1524,71.3,0.0193001,134.319
604,250,9.9,0.1524,71.3,0.0193001,135.329
605,315,9.9,0.1524,71.3,0.0193001,135.459
606,400,9.9,0.1524,71.3,0.0193001,135.079
607,500,9.9,0.1524,71.3,0.0193001,131.279
608,630,9.9,0.1524,71.3,0.0193001,129.889
609,800,9.9,0.1524,71.3,0.0193001,128.879
610,1000,9.9,0.1524,71.3,0.0193001,126.349
611,1250,9.9,0.1524,71.3,0.0193001,122.679
612,1600,9.9,0.1524,71.3,0.0193001,121.789
613,2000,9.9,0.1524,71.3,0.0193001,120.779
614,2500,9.9,0.1524,71.3,0.0193001,119.639
615,3150,9.9,0.1524,71.3,0.0193001,116.849
616,4000,9.9,0.1524,71.3,0.0193001,115.079
617,5000,9.9,0.1524,71.3,0.0193001,114.569
618,6300,9.9,0.1524,71.3,0.0193001,112.039
619,200,9.9,0.1524,55.5,0.0208438,131.955
620,250,9.9,0.1524,55.5,0.0208438,133.235
621,315,9.9,0.1524,55.5,0.0208438,132.355
622,400,9.9,0.1524,55.5,0.0208438,131.605
623,500,9.9,0.1524,55.5,0.0208438,127.815
624,630,9.9,0.1524,55.5,0.0208438,127.315
625,800,9.9,0.1524,55.5,0.0208438,126.565
626,1000,9.9,0.1524,55.5,0.0208438,124.665
627,1250,9.9,0.1524,55.5,0.0208438,121.635
628,1600,9.9,0.1524,55.5,0.0208438,119.875
629,2000,9.9,0.1524,55.5,0.0208438,119.505
630,2500,9.9,0.1524,55.5,0.0208438,118.365
631,3150,9.9,0.1524,55.5,0.0208438,115.085
632,4000,9.9,0.1524,55.5,0.0208438,112.945
633,5000,9.9,0.1524,55.5,0.0208438,112.065
634,200,9.9,0.1524,39.6,0.0233328,127.315
635,250,9.9,0.1524,39.6,0.0233328,128.335
636,315,9.9,0.1524,39.6,0.0233328,128.595
637,400,9.9,0.1524,39.6,0.0233328,128.345
638,500,9.9,0.1524,39.6,0.0233328,126.835
639,630,9.9,0.1524,39.6,0.0233328,126.465
640,800,9.9,0.1524,39.6,0.0233328,126.345
641,1000,9.9,0.1524,39.6,0.0233328,123.835
642,1250,9.9,0.1524,39.6,0.0233328,120.555
643,1600,9.9,0.1524,39.6,0.0233328,118.545
644,2000,9.9,0.1524,39.6,0.0233328,117.925
645,2500,9.9,0.1524,39.6,0.0233328,116.295
646,3150,9.9,0.1524,39.6,0.0233328,113.525
647,4000,9.9,0.1524,39.6,0.0233328,112.265
648,5000,9.9,0.1524,39.6,0.0233328,111.135
649,200,9.9,0.1524,31.7,0.0252785,127.299
650,250,9.9,0.1524,31.7,0.0252785,128.559
651,315,9.9,0.1524,31.7,0.0252785,128.809
652,400,9.9,0.1524,31.7,0.0252785,128.939
653,500,9.9,0.1524,31.7,0.0252785,127.179
654,630,9.9,0.1524,31.7,0.0252785,126.049
655,800,9.9,0.1524,31.7,0.0252785,125.539
656,1000,9.9,0.1524,31.7,0.0252785,122.149
657,1250,9.9,0.1524,31.7,0.0252785,118.619
658,1600,9.9,0.1524,31.7,0.0252785,117.119
659,2000,9.9,0.1524,31.7,0.0252785,116.859
660,2500,9.9,0.1524,31.7,0.0252785,114.729
661,3150,9.9,0.1524,31.7,0.0252785,112.209
662,4000,9.9,0.1524,31.7,0.0252785,111.459
663,200,12.6,0.1524,71.3,0.0483159,128.354
664,250,12.6,0.1524,71.3,0.0483159,129.744
665,315,12.6,0.1524,71.3,0.0483159,128.484
666,400,12.6,0.1524,71.3,0.0483159,127.094
667,500,12.6,0.1524,71.3,0.0483159,121.664
668,630,12.6,0.1524,71.3,0.0483159,123.304
669,800,12.6,0.1524,71.3,0.0483159,123.054
670,1000,12.6,0.1524,71.3,0.0483159,122.044
671,1250,12.6,0.1524,71.3,0.0483159,120.154
672,1600,12.6,0.1524,71.3,0.0483159,120.534
673,2000,12.6,0.1524,71.3,0.0483159,117.504
674,2500,12.6,0.1524,71.3,0.0483159,115.234
675,3150,12.6,0.1524,71.3,0.0483159,113.334
676,200,12.6,0.1524,39.6,0.0584113,114.75
677,250,12.6,0.1524,39.6,0.0584113,115.89
678,315,12.6,0.1524,39.6,0.0584113,116.02
679,400,12.6,0.1524,39.6,0.0584113,115.91
680,500,12.6,0.1524,39.6,0.0584113,114.9
681,630,12.6,0.1524,39.6,0.0584113,116.55
682,800,12.6,0.1524,39.6,0.0584113,116.56
683,1000,12.6,0.1524,39.6,0.0584113,114.67
684,1250,12.6,0.1524,39.6,0.0584113,112.16
685,800,0.0,0.0508,71.3,0.000740478,130.96
686,1000,0.0,0.0508,71.3,0.000740478,129.45
687,1250,0.0,0.0508,71.3,0.000740478,128.56
688,1600,0.0,0.0508,71.3,0.000740478,129.68
689,2000,0.0,0.0508,71.3,0.000740478,131.06
690,2500,0.0,0.0508,71.3,0.000740478,131.31
691,3150,0.0,0.0508,71.3,0.000740478,135.07
692,4000,0.0,0.0508,71.3,0.000740478,134.43
693,5000,0.0,0.0508,71.3,0.000740478,134.43
694,6300,0.0,0.0508,71.3,0.000740478,133.04
695,8000,0.0,0.0508,71.3,0.000740478,130.89
696,10000,0.0,0.0508,71.3,0.000740478,128.74
697,12500,0.0,0.0508,71.3,0.000740478,125.22
698,800,0.0,0.0508,55.5,0.00076193,124.336
699,1000,0.0,0.0508,55.5,0.00076193,125.586
700,1250,0.0,0.0508,55.5,0.00076193,127.076
701,1600,0.0,0.0508,55.5,0.00076193,128.576
702,2000,0.0,0.0508,55.5,0.00076193,131.456
703,2500,0.0,0.0508,55.5,0.00076193,133.956
704,3150,0.0,0.0508,55.5,0.00076193,134.826
705,4000,0.0,0.0508,55.5,0.00076193,134.946
706,5000,0.0,0.0508,55.5,0.00076193,134.556
707,6300,0.0,0.0508,55.5,0.00076193,132.796
708,8000,0.0,0.0508,55.5,0.00076193,130.156
709,10000,0.0,0.0508,55.5,0.00076193,127.636
710,12500,0.0,0.0508,55.5,0.00076193,125.376
711,800,0.0,0.0508,39.6,0.000791822,126.508
712,1000,0.0,0.0508,39.6,0.000791822,127.638
713,1250,0.0,0.0508,39.6,0.000791822,129.148
714,1600,0.0,0.0508,39.6,0.000791822,130.908
715,2000,0.0,0.0508,39.6,0.000791822,132.918
716,2500,0.0,0.0508,39.6,0.000791822,134.938
717,3150,0.0,0.0508,39.6,0.000791822,135.938
718,4000,0.0,0.0508,39.6,0.000791822,135.308
719,5000,0.0,0.0508,39.6,0.000791822,134.308
720,6300,0.0,0.0508,39.6,0.000791822,131.918
721,8000,0.0,0.0508,39.6,0.000791822,128.518
722,10000,0.0,0.0508,39.6,0.000791822,125.998
723,12500,0.0,0.0508,39.6,0.000791822,123.988
724,800,0.0,0.0508,31.7,0.000812164,122.79
725,1000,0.0,0.0508,31.7,0.000812164,126.78
726,1250,0.0,0.0508,31.7,0.000812164,129.27
727,1600,0.0,0.0508,31.7,0.000812164,131.01
728,2000,0.0,0.0508,31.7,0.000812164,133.01
729,2500,0.0,0.0508,31.7,0.000812164,134.87
730,3150,0.0,0.0508,31.7,0.000812164,135.49
731,4000,0.0,0.0508,31.7,0.000812164,134.11
732,5000,0.0,0.0508,31.7,0.000812164,133.23
733,6300,0.0,0.0508,31.7,0.000812164,130.34
734,8000,0.0,0.0508,31.7,0.000812164,126.59
735,10000,0.0,0.0508,31.7,0.000812164,122.45
736,12500,0.0,0.0508,31.7,0.000812164,119.07
737,1600,4.2,0.0508,71.3,0.00142788,124.318
738,2000,4.2,0.0508,71.3,0.00142788,129.848
739,2500,4.2,0.0508,71.3,0.00142788,131.978
740,3150,4.2,0.0508,71.3,0.00142788,133.728
741,4000,4.2,0.0508,71.3,0.00142788,133.598
742,5000,4.2,0.0508,71.3,0.00142788,132.828
743,6300,4.2,0.0508,71.3,0.00142788,129.308
744,8000,4.2,0.0508,71.3,0.00142788,125.268
745,10000,4.2,0.0508,71.3,0.00142788,121.238
746,12500,4.2,0.0508,71.3,0.00142788,117.328
747,1000,4.2,0.0508,39.6,0.00152689,125.647
748,1250,4.2,0.0508,39.6,0.00152689,128.427
749,1600,4.2,0.0508,39.6,0.00152689,130.197
750,2000,4.2,0.0508,39.6,0.00152689,132.587
751,2500,4.2,0.0508,39.6,0.00152689,133.847
752,3150,4.2,0.0508,39.6,0.00152689,133.587
753,4000,4.2,0.0508,39.6,0.00152689,131.807
754,5000,4.2,0.0508,39.6,0.00152689,129.777
755,6300,4.2,0.0508,39.6,0.00152689,125.717
756,8000,4.2,0.0508,39.6,0.00152689,120.397
757,10000,4.2,0.0508,39.6,0.00152689,116.967
758,800,8.4,0.0508,71.3,0.00529514,127.556
759,1000,8.4,0.0508,71.3,0.00529514,129.946
760,1250,8.4,0.0508,71.3,0.00529514,132.086
761,1600,8.4,0.0508,71.3,0.00529514,133.846
762,2000,8.4,0.0508,71.3,0.00529514,134.476
763,2500,8.4,0.0508,71.3,0.00529514,134.226
764,3150,8.4,0.0508,71.3,0.00529514,131.966
765,4000,8.4,0.0508,71.3,0.00529514,126.926
766,5000,8.4,0.0508,71.3,0.00529514,121.146
767,400,8.4,0.0508,55.5,0.00544854,121.582
768,500,8.4,0.0508,55.5,0.00544854,123.742
769,630,8.4,0.0508,55.5,0.00544854,126.152
770,800,8.4,0.0508,55.5,0.00544854,128.562
771,1000,8.4,0.0508,55.5,0.00544854,130.722
772,1250,8.4,0.0508,55.5,0.00544854,132.252
773,1600,8.4,0.0508,55.5,0.00544854,133.032
774,2000,8.4,0.0508,55.5,0.00544854,133.042
775,2500,8.4,0.0508,55.5,0.00544854,131.542
776,3150,8.4,0.0508,55.5,0.00544854,128.402
777,4000,8.4,0.0508,55.5,0.00544854,122.612
778,5000,8.4,0.0508,55.5,0.00544854,115.812
779,400,8.4,0.0508,39.6,0.00566229,120.015
780,500,8.4,0.0508,39.6,0.00566229,122.905
781,630,8.4,0.0508,39.6,0.00566229,126.045
782,800,8.4,0.0508,39.6,0.00566229,128.435
783,1000,8.4,0.0508,39.6,0.00566229,130.195
784,1250,8.4,0.0508,39.6,0.00566229,131.205
785,1600,8.4,0.0508,39.6,0.00566229,130.965
786,2000,8.4,0.0508,39.6,0.00566229,129.965
787,2500,8.4,0.0508,39.6,0.00566229,127.465
788,3150,8.4,0.0508,39.6,0.00566229,123.965
789,4000,8.4,0.0508,39.6,0.00566229,118.955
790,400,8.4,0.0508,31.7,0.00580776,120.076
791,500,8.4,0.0508,31.7,0.00580776,122.966
792,630,8.4,0.0508,31.7,0.00580776,125.856
793,800,8.4,0.0508,31.7,0.00580776,128.246
794,1000,8.4,0.0508,31.7,0.00580776,129.516
795,1250,8.4,0.0508,31.7,0.00580776,130.156
796,1600,8.4,0.0508,31.7,0.00580776,129.296
797,2000,8.4,0.0508,31.7,0.00580776,127.686
798,2500,8.4,0.0508,31.7,0.00580776,125.576
799,3150,8.4,0.0508,31.7,0.00580776,122.086
800,4000,8.4,0.0508,31.7,0.00580776,118.106
801,200,11.2,0.0508,71.3,0.014072,125.941
802,250,11.2,0.0508,71.3,0.014072,127.101
803,315,11.2,0.0508,71.3,0.014072,128.381
804,400,11.2,0.0508,71.3,0.014072,129.281
805,500,11.2,0.0508,71.3,0.014072,130.311
806,630,11.2,0.0508,71.3,0.014072,133.611
807,800,11.2,0.0508,71.3,0.014072,136.031
808,1000,11.2,0.0508,71.3,0.014072,136.941
809,1250,11.2,0.0508,71.3,0.014072,136.191
810,1600,11.2,0.0508,71.3,0.014072,135.191
811,2000,11.2,0.0508,71.3,0.014072,133.311
812,2500,11.2,0.0508,71.3,0.014072,130.541
813,3150,11.2,0.0508,71.3,0.014072,127.141
814,4000,11.2,0.0508,71.3,0.014072,122.471
815,200,11.2,0.0508,39.6,0.0150478,125.01
816,250,11.2,0.0508,39.6,0.0150478,126.43
817,315,11.2,0.0508,39.6,0.0150478,128.99
818,400,11.2,0.0508,39.6,0.0150478,130.67
819,500,11.2,0.0508,39.6,0.0150478,131.96
820,630,11.2,0.0508,39.6,0.0150478,133.13
821,800,11.2,0.0508,39.6,0.0150478,133.79
822,1000,11.2,0.0508,39.6,0.0150478,132.43
823,1250,11.2,0.0508,39.6,0.0150478,130.05
824,1600,11.2,0.0508,39.6,0.0150478,126.54
825,2000,11.2,0.0508,39.6,0.0150478,124.42
826,2500,11.2,0.0508,39.6,0.0150478,122.17
827,3150,11.2,0.0508,39.6,0.0150478,119.67
828,4000,11.2,0.0508,39.6,0.0150478,115.52
829,200,15.4,0.0508,71.3,0.0264269,123.595
830,250,15.4,0.0508,71.3,0.0264269,124.835
831,315,15.4,0.0508,71.3,0.0264269,126.195
832,400,15.4,0.0508,71.3,0.0264269,126.805
833,500,15.4,0.0508,71.3,0.0264269,127.285
834,630,15.4,0.0508,71.3,0.0264269,129.645
835,800,15.4,0.0508,71.3,0.0264269,131.515
836,1000,15.4,0.0508,71.3,0.0264269,131.865
837,1250,15.4,0.0508,71.3,0.0264269,130.845
838,1600,15.4,0.0508,71.3,0.0264269,130.065
839,2000,15.4,0.0508,71.3,0.0264269,129.285
840,2500,15.4,0.0508,71.3,0.0264269,127.625
841,3150,15.4,0.0508,71.3,0.0264269,125.715
842,4000,15.4,0.0508,71.3,0.0264269,122.675
843,5000,15.4,0.0508,71.3,0.0264269,119.135
844,6300,15.4,0.0508,71.3,0.0264269,115.215
845,8000,15.4,0.0508,71.3,0.0264269,112.675
846,200,15.4,0.0508,55.5,0.0271925,122.94
847,250,15.4,0.0508,55.5,0.0271925,124.17
848,315,15.4,0.0508,55.5,0.0271925,125.39
849,400,15.4,0.0508,55.5,0.0271925,126.5
850,500,15.4,0.0508,55.5,0.0271925,127.22
851,630,15.4,0.0508,55.5,0.0271925,129.33
852,800,15.4,0.0508,55.5,0.0271925,130.43
853,1000,15.4,0.0508,55.5,0.0271925,130.4
854,1250,15.4,0.0508,55.5,0.0271925,130.0
855,1600,15.4,0.0508,55.5,0.0271925,128.2
856,2000,15.4,0.0508,55.5,0.0271925,127.04
857,2500,15.4,0.0508,55.5,0.0271925,125.63
858,3150,15.4,0.0508,55.5,0.0271925,123.46
859,4000,15.4,0.0508,55.5,0.0271925,120.92
860,5000,15.4,0.0508,55.5,0.0271925,117.11
861,6300,15.4,0.0508,55.5,0.0271925,112.93
862,200,15.4,0.0508,39.6,0.0282593,121.783
863,250,15.4,0.0508,39.6,0.0282593,122.893
864,315,15.4,0.0508,39.6,0.0282593,124.493
865,400,15.4,0.0508,39.6,0.0282593,125.353
866,500,15.4,0.0508,39.6,0.0282593,125.963
867,630,15.4,0.0508,39.6,0.0282593,127.443
868,800,15.4,0.0508,39.6,0.0282593,128.423
869,1000,15.4,0.0508,39.6,0.0282593,127.893
870,1250,15.4,0.0508,39.6,0.0282593,126.743
871,1600,15.4,0.0508,39.6,0.0282593,124.843
872,2000,15.4,0.0508,39.6,0.0282593,123.443
873,2500,15.4,0.0508,39.6,0.0282593,122.413
874,3150,15.4,0.0508,39.6,0.0282593,120.513
875,4000,15.4,0.0508,39.6,0.0282593,118.113
876,5000,15.4,0.0508,39.6,0.0282593,114.453
877,200,15.4,0.0508,31.7,0.0289853,119.975
878,250,15.4,0.0508,31.7,0.0289853,121.225
879,315,15.4,0.0508,31.7,0.0289853,122.845
880,400,15.4,0.0508,31.7,0.0289853,123.705
881,500,15.4,0.0508,31.7,0.0289853,123.695
882,630,15.4,0.0508,31.7,0.0289853,124.685
883,800,15.4,0.0508,31.7,0.0289853,125.555
884,1000,15.4,0.0508,31.7,0.0289853,124.525
885,1250,15.4,0.0508,31.7,0.0289853,123.255
886,1600,15.4,0.0508,31.7,0.0289853,121.485
887,2000,15.4,0.0508,31.7,0.0289853,120.835
888,2500,15.4,0.0508,31.7,0.0289853,119.945
889,3150,15.4,0.0508,31.7,0.0289853,118.045
890,4000,15.4,0.0508,31.7,0.0289853,115.635
891,5000,15.4,0.0508,31.7,0.0289853,112.355
892,200,19.7,0.0508,71.3,0.0341183,118.005
893,250,19.7,0.0508,71.3,0.0341183,119.115
894,315,19.7,0.0508,71.3,0.0341183,121.235
895,400,19.7,0.0508,71.3,0.0341183,123.865
896,500,19.7,0.0508,71.3,0.0341183,126.995
897,630,19.7,0.0508,71.3,0.0341183,128.365
898,800,19.7,0.0508,71.3,0.0341183,124.555
899,1000,19.7,0.0508,71.3,0.0341183,121.885
900,1250,19.7,0.0508,71.3,0.0341183,121.485
901,1600,19.7,0.0508,71.3,0.0341183,120.575
902,2000,19.7,0.0508,71.3,0.0341183,120.055
903,2500,19.7,0.0508,71.3,0.0341183,118.385
904,3150,19.7,0.0508,71.3,0.0341183,116.225
905,4000,19.7,0.0508,71.3,0.0341183,113.045
906,200,19.7,0.0508,39.6,0.036484,125.974
907,250,19.7,0.0508,39.6,0.036484,127.224
908,315,19.7,0.0508,39.6,0.036484,129.864
909,400,19.7,0.0508,39.6,0.036484,130.614
910,500,19.7,0.0508,39.6,0.036484,128.444
911,630,19.7,0.0508,39.6,0.036484,120.324
912,800,19.7,0.0508,39.6,0.036484,119.174
913,1000,19.7,0.0508,39.6,0.036484,118.904
914,1250,19.7,0.0508,39.6,0.036484,118.634
915,1600,19.7,0.0508,39.6,0.036484,117.604
916,2000,19.7,0.0508,39.6,0.036484,117.724
917,2500,19.7,0.0508,39.6,0.036484,116.184
918,3150,19.7,0.0508,39.6,0.036484,113.004
919,2500,0.0,0.0254,71.3,0.000400682,133.707
920,3150,0.0,0.0254,71.3,0.000400682,137.007
921,4000,0.0,0.0254,71.3,0.000400682,138.557
922,5000,0.0,0.0254,71.3,0.000400682,136.837
923,6300,0.0,0.0254,71.3,0.000400682,134.987
924,8000,0.0,0.0254,71.3,0.000400682,129.867
925,10000,0.0,0.0254,71.3,0.000400682,130.787
926,12500,0.0,0.0254,71.3,0.000400682,133.207
927,16000,0.0,0.0254,71.3,0.000400682,130.477
928,20000,0.0,0.0254,71.3,0.000400682,123.217
929,2000,0.0,0.0254,55.5,0.00041229,127.623
930,2500,0.0,0.0254,55.5,0.00041229,130.073
931,3150,0.0,0.0254,55.5,0.00041229,130.503
932,4000,0.0,0.0254,55.5,0.00041229,133.223
933,5000,0.0,0.0254,55.5,0.00041229,135.803
934,6300,0.0,0.0254,55.5,0.00041229,136.103
935,8000,0.0,0.0254,55.5,0.00041229,136.163
936,10000,0.0,0.0254,55.5,0.00041229,134.563
937,12500,0.0,0.0254,55.5,0.00041229,131.453
938,16000,0.0,0.0254,55.5,0.00041229,125.683
939,20000,0.0,0.0254,55.5,0.00041229,121.933
940,1600,0.0,0.0254,39.6,0.000428464,124.156
941,2000,0.0,0.0254,39.6,0.000428464,130.026
942,2500,0.0,0.0254,39.6,0.000428464,131.836
943,3150,0.0,0.0254,39.6,0.000428464,133.276
944,4000,0.0,0.0254,39.6,0.000428464,135.346
945,5000,0.0,0.0254,39.6,0.000428464,136.536
946,6300,0.0,0.0254,39.6,0.000428464,136.826
947,8000,0.0,0.0254,39.6,0.000428464,135.866
948,10000,0.0,0.0254,39.6,0.000428464,133.376
949,12500,0.0,0.0254,39.6,0.000428464,129.116
950,16000,0.0,0.0254,39.6,0.000428464,124.986
951,1000,0.0,0.0254,31.7,0.000439472,125.127
952,1250,0.0,0.0254,31.7,0.000439472,127.947
953,1600,0.0,0.0254,31.7,0.000439472,129.267
954,2000,0.0,0.0254,31.7,0.000439472,130.697
955,2500,0.0,0.0254,31.7,0.000439472,132.897
956,3150,0.0,0.0254,31.7,0.000439472,135.227
957,4000,0.0,0.0254,31.7,0.000439472,137.047
958,5000,0.0,0.0254,31.7,0.000439472,138.607
959,6300,0.0,0.0254,31.7,0.000439472,138.537
960,8000,0.0,0.0254,31.7,0.000439472,137.207
961,10000,0.0,0.0254,31.7,0.000439472,134.227
962,12500,0.0,0.0254,31.7,0.000439472,128.977
963,16000,0.0,0.0254,31.7,0.000439472,125.627
964,2000,4.8,0.0254,71.3,0.000848633,128.398
965,2500,4.8,0.0254,71.3,0.000848633,130.828
966,3150,4.8,0.0254,71.3,0.000848633,133.378
967,4000,4.8,0.0254,71.3,0.000848633,134.928
968,5000,4.8,0.0254,71.3,0.000848633,135.468
969,6300,4.8,0.0254,71.3,0.000848633,134.498
970,8000,4.8,0.0254,71.3,0.000848633,131.518
971,10000,4.8,0.0254,71.3,0.000848633,127.398
972,12500,4.8,0.0254,71.3,0.000848633,127.688
973,16000,4.8,0.0254,71.3,0.000848633,124.208
974,20000,4.8,0.0254,71.3,0.000848633,119.708
975,1600,4.8,0.0254,55.5,0.000873218,121.474
976,2000,4.8,0.0254,55.5,0.000873218,125.054
977,2500,4.8,0.0254,55.5,0.000873218,129.144
978,3150,4.8,0.0254,55.5,0.000873218,132.354
979,4000,4.8,0.0254,55.5,0.000873218,133.924
980,5000,4.8,0.0254,55.5,0.000873218,135.484
981,6300,4.8,0.0254,55.5,0.000873218,135.164
982,8000,4.8,0.0254,55.5,0.000873218,132.184
983,10000,4.8,0.0254,55.5,0.000873218,126.944
984,12500,4.8,0.0254,55.5,0.000873218,125.094
985,16000,4.8,0.0254,55.5,0.000873218,124.394
986,20000,4.8,0.0254,55.5,0.000873218,121.284
987,500,4.8,0.0254,39.6,0.000907475,116.366
988,630,4.8,0.0254,39.6,0.000907475,118.696
989,800,4.8,0.0254,39.6,0.000907475,120.766
990,1000,4.8,0.0254,39.6,0.000907475,122.956
991,1250,4.8,0.0254,39.6,0.000907475,125.026
992,1600,4.8,0.0254,39.6,0.000907475,125.966
993,2000,4.8,0.0254,39.6,0.000907475,128.916
994,2500,4.8,0.0254,39.6,0.000907475,131.236
995,3150,4.8,0.0254,39.6,0.000907475,133.436
996,4000,4.8,0.0254,39.6,0.000907475,134.996
997,5000,4.8,0.0254,39.6,0.000907475,135.426
998,6300,4.8,0.0254,39.6,0.000907475,134.336
999,8000,4.8,0.0254,39.6,0.000907475,131.346
1000,10000,4.8,0.0254,39.6,0.000907475,126.066
1001,500,4.8,0.0254,31.7,0.000930789,116.128
1002,630,4.8,0.0254,31.7,0.000930789,120.078
1003,800,4.8,0.0254,31.7,0.000930789,122.648
1004,1000,4.8,0.0254,31.7,0.000930789,125.348
1005,1250,4.8,0.0254,31.7,0.000930789,127.408
1006,1600,4.8,0.0254,31.7,0.000930789,128.718
1007,2000,4.8,0.0254,31.7,0.000930789,130.148
1008,2500,4.8,0.0254,31.7,0.000930789,132.588
1009,3150,4.8,0.0254,31.7,0.000930789,134.268
1010,4000,4.8,0.0254,31.7,0.000930789,135.328
1011,5000,4.8,0.0254,31.7,0.000930789,135.248
1012,6300,4.8,0.0254,31.7,0.000930789,132.898
1013,8000,4.8,0.0254,31.7,0.000930789,127.008
1014,630,9.5,0.0254,71.3,0.00420654,125.726
1015,800,9.5,0.0254,71.3,0.00420654,127.206
1016,1000,9.5,0.0254,71.3,0.00420654,129.556
1017,1250,9.5,0.0254,71.3,0.00420654,131.656
1018,1600,9.5,0.0254,71.3,0.00420654,133.756
1019,2000,9.5,0.0254,71.3,0.00420654,134.976
1020,2500,9.5,0.0254,71.3,0.00420654,135.956
1021,3150,9.5,0.0254,71.3,0.00420654,136.166
1022,4000,9.5,0.0254,71.3,0.00420654,134.236
1023,5000,9.5,0.0254,71.3,0.00420654,131.186
1024,6300,9.5,0.0254,71.3,0.00420654,127.246
1025,400,9.5,0.0254,55.5,0.0043284,120.952
1026,500,9.5,0.0254,55.5,0.0043284,123.082
1027,630,9.5,0.0254,55.5,0.0043284,125.452
1028,800,9.5,0.0254,55.5,0.0043284,128.082
1029,1000,9.5,0.0254,55.5,0.0043284,130.332
1030,1250,9.5,0.0254,55.5,0.0043284,132.202
1031,1600,9.5,0.0254,55.5,0.0043284,133.062
1032,2000,9.5,0.0254,55.5,0.0043284,134.052
1033,2500,9.5,0.0254,55.5,0.0043284,134.152
1034,3150,9.5,0.0254,55.5,0.0043284,133.252
1035,4000,9.5,0.0254,55.5,0.0043284,131.582
1036,5000,9.5,0.0254,55.5,0.0043284,128.412
1037,6300,9.5,0.0254,55.5,0.0043284,124.222
1038,200,9.5,0.0254,39.6,0.00449821,116.074
1039,250,9.5,0.0254,39.6,0.00449821,116.924
1040,315,9.5,0.0254,39.6,0.00449821,119.294
1041,400,9.5,0.0254,39.6,0.00449821,121.154
1042,500,9.5,0.0254,39.6,0.00449821,123.894
1043,630,9.5,0.0254,39.6,0.00449821,126.514
1044,800,9.5,0.0254,39.6,0.00449821,129.014
1045,1000,9.5,0.0254,39.6,0.00449821,130.374
1046,1250,9.5,0.0254,39.6,0.00449821,130.964
1047,1600,9.5,0.0254,39.6,0.00449821,131.184
1048,2000,9.5,0.0254,39.6,0.00449821,131.274
1049,2500,9.5,0.0254,39.6,0.00449821,131.234
1050,3150,9.5,0.0254,39.6,0.00449821,129.934
1051,4000,9.5,0.0254,39.6,0.00449821,127.864
1052,5000,9.5,0.0254,39.6,0.00449821,125.044
1053,6300,9.5,0.0254,39.6,0.00449821,120.324
1054,200,9.5,0.0254,31.7,0.00461377,119.146
1055,250,9.5,0.0254,31.7,0.00461377,120.136
1056,315,9.5,0.0254,31.7,0.00461377,122.766
1057,400,9.5,0.0254,31.7,0.00461377,124.756
1058,500,9.5,0.0254,31.7,0.00461377,126.886
1059,630,9.5,0.0254,31.7,0.00461377,129.006
1060,800,9.5,0.0254,31.7,0.00461377,130.746
1061,1000,9.5,0.0254,31.7,0.00461377,131.346
1062,1250,9.5,0.0254,31.7,0.00461377,131.446
1063,1600,9.5,0.0254,31.7,0.00461377,131.036
1064,2000,9.5,0.0254,31.7,0.00461377,130.496
1065,2500,9.5,0.0254,31.7,0.00461377,130.086
1066,3150,9.5,0.0254,31.7,0.00461377,128.536
1067,4000,9.5,0.0254,31.7,0.00461377,126.736
1068,5000,9.5,0.0254,31.7,0.00461377,124.426
1069,6300,9.5,0.0254,31.7,0.00461377,120.726
1070,250,12.7,0.0254,71.3,0.0121808,119.698
1071,315,12.7,0.0254,71.3,0.0121808,122.938
1072,400,12.7,0.0254,71.3,0.0121808,125.048
1073,500,12.7,0.0254,71.3,0.0121808,126.898
1074,630,12.7,0.0254,71.3,0.0121808,128.878
1075,800,12.7,0.0254,71.3,0.0121808,130.348
1076,1000,12.7,0.0254,71.3,0.0121808,131.698
1077,1250,12.7,0.0254,71.3,0.0121808,133.048
1078,1600,12.7,0.0254,71.3,0.0121808,134.528
1079,2000,12.7,0.0254,71.3,0.0121808,134.228
1080,2500,12.7,0.0254,71.3,0.0121808,134.058
1081,3150,12.7,0.0254,71.3,0.0121808,133.758
1082,4000,12.7,0.0254,71.3,0.0121808,131.808
1083,5000,12.7,0.0254,71.3,0.0121808,128.978
1084,6300,12.7,0.0254,71.3,0.0121808,125.398
1085,8000,12.7,0.0254,71.3,0.0121808,120.538
1086,10000,12.7,0.0254,71.3,0.0121808,114.418
1087,250,12.7,0.0254,39.6,0.0130253,121.547
1088,315,12.7,0.0254,39.6,0.0130253,123.537
1089,400,12.7,0.0254,39.6,0.0130253,125.527
1090,500,12.7,0.0254,39.6,0.0130253,127.127
1091,630,12.7,0.0254,39.6,0.0130253,128.867
1092,800,12.7,0.0254,39.6,0.0130253,130.217
1093,1000,12.7,0.0254,39.6,0.0130253,130.947
1094,1250,12.7,0.0254,39.6,0.0130253,130.777
1095,1600,12.7,0.0254,39.6,0.0130253,129.977
1096,2000,12.7,0.0254,39.6,0.0130253,129.567
1097,2500,12.7,0.0254,39.6,0.0130253,129.027
1098,3150,12.7,0.0254,39.6,0.0130253,127.847
1099,4000,12.7,0.0254,39.6,0.0130253,126.537
1100,5000,12.7,0.0254,39.6,0.0130253,125.107
1101,6300,12.7,0.0254,39.6,0.0130253,123.177
1102,8000,12.7,0.0254,39.6,0.0130253,120.607
1103,10000,12.7,0.0254,39.6,0.0130253,116.017
1104,200,17.4,0.0254,71.3,0.016104,112.506
1105,250,17.4,0.0254,71.3,0.016104,113.796
1106,315,17.4,0.0254,71.3,0.016104,115.846
1107,400,17.4,0.0254,71.3,0.016104,117.396
1108,500,17.4,0.0254,71.3,0.016104,119.806
1109,630,17.4,0.0254,71.3,0.016104,122.606
1110,800,17.4,0.0254,71.3,0.016104,124.276
1111,1000,17.4,0.0254,71.3,0.016104,125.816
1112,1250,17.4,0.0254,71.3,0.016104,126.356
1113,1600,17.4,0.0254,71.3,0.016104,126.406
1114,2000,17.4,0.0254,71.3,0.016104,126.826
1115,2500,17.4,0.0254,71.3,0.016104,126.746
1116,3150,17.4,0.0254,71.3,0.016104,126.536
1117,4000,17.4,0.0254,71.3,0.016104,125.586
1118,5000,17.4,0.0254,71.3,0.016104,123.126
1119,6300,17.4,0.0254,71.3,0.016104,119.916
1120,8000,17.4,0.0254,71.3,0.016104,115.466
1121,315,17.4,0.0254,55.5,0.0165706,111.911
1122,400,17.4,0.0254,55.5,0.0165706,115.461
1123,500,17.4,0.0254,55.5,0.0165706,119.621
1124,630,17.4,0.0254,55.5,0.0165706,122.411
1125,800,17.4,0.0254,55.5,0.0165706,123.091
1126,1000,17.4,0.0254,55.5,0.0165706,126.001
1127,1250,17.4,0.0254,55.5,0.0165706,129.301
1128,1600,17.4,0.0254,55.5,0.0165706,126.471
1129,2000,17.4,0.0254,55.5,0.0165706,125.261
1130,2500,17.4,0.0254,55.5,0.0165706,124.931
1131,3150,17.4,0.0254,55.5,0.0165706,124.101
1132,4000,17.4,0.0254,55.5,0.0165706,121.771
1133,5000,17.4,0.0254,55.5,0.0165706,118.941
1134,6300,17.4,0.0254,55.5,0.0165706,114.861
1135,200,17.4,0.0254,39.6,0.0172206,114.044
1136,250,17.4,0.0254,39.6,0.0172206,114.714
1137,315,17.4,0.0254,39.6,0.0172206,115.144
1138,400,17.4,0.0254,39.6,0.0172206,115.444
1139,500,17.4,0.0254,39.6,0.0172206,117.514
1140,630,17.4,0.0254,39.6,0.0172206,124.514
1141,800,17.4,0.0254,39.6,0.0172206,135.324
1142,1000,17.4,0.0254,39.6,0.0172206,138.274
1143,1250,17.4,0.0254,39.6,0.0172206,131.364
1144,1600,17.4,0.0254,39.6,0.0172206,127.614
1145,2000,17.4,0.0254,39.6,0.0172206,126.644
1146,2500,17.4,0.0254,39.6,0.0172206,124.154
1147,3150,17.4,0.0254,39.6,0.0172206,123.564
1148,4000,17.4,0.0254,39.6,0.0172206,122.724
1149,5000,17.4,0.0254,39.6,0.0172206,119.854
1150,200,17.4,0.0254,31.7,0.0176631,116.146
1151,250,17.4,0.0254,31.7,0.0176631,116.956
1152,315,17.4,0.0254,31.7,0.0176631,118.416
1153,400,17.4,0.0254,31.7,0.0176631,120.766
1154,500,17.4,0.0254,31.7,0.0176631,127.676
1155,630,17.4,0.0254,31.7,0.0176631,136.886
1156,1000,17.4,0.0254,31.7,0.0176631,131.796
1157,1250,17.4,0.0254,31.7,0.0176631,128.306
1158,1600,17.4,0.0254,31.7,0.0176631,126.846
1159,2000,17.4,0.0254,31.7,0.0176631,124.356
1160,2500,17.4,0.0254,31.7,0.0176631,124.166
1161,3150,17.4,0.0254,31.7,0.0176631,123.466
1162,4000,17.4,0.0254,31.7,0.0176631,121.996
1163,5000,17.4,0.0254,31.7,0.0176631,117.996
1164,315,22.2,0.0254,71.3,0.0214178,115.857
1165,400,22.2,0.0254,71.3,0.0214178,117.927
1166,500,22.2,0.0254,71.3,0.0214178,117.967
1167,630,22.2,0.0254,71.3,0.0214178,120.657
1168,800,22.2,0.0254,71.3,0.0214178,123.227
1169,1000,22.2,0.0254,71.3,0.0214178,134.247
1170,1600,22.2,0.0254,71.3,0.0214178,131.817
1171,2000,22.2,0.0254,71.3,0.0214178,127.197
1172,2500,22.2,0.0254,71.3,0.0214178,126.097
1173,3150,22.2,0.0254,71.3,0.0214178,124.127
1174,4000,22.2,0.0254,71.3,0.0214178,123.917
1175,5000,22.2,0.0254,71.3,0.0214178,125.727
1176,6300,22.2,0.0254,71.3,0.0214178,123.127
1177,8000,22.2,0.0254,71.3,0.0214178,121.657
1178,200,22.2,0.0254,39.6,0.0229028,116.066
1179,250,22.2,0.0254,39.6,0.0229028,117.386
1180,315,22.2,0.0254,39.6,0.0229028,120.716
1181,400,22.2,0.0254,39.6,0.0229028,123.416
1182,500,22.2,0.0254,39.6,0.0229028,129.776
1183,630,22.2,0.0254,39.6,0.0229028,137.026
1184,800,22.2,0.0254,39.6,0.0229028,137.076
1185,1000,22.2,0.0254,39.6,0.0229028,128.416
1186,1250,22.2,0.0254,39.6,0.0229028,126.446
1187,1600,22.2,0.0254,39.6,0.0229028,122.216
1188,2000,22.2,0.0254,39.6,0.0229028,121.256
1189,2500,22.2,0.0254,39.6,0.0229028,121.306
1190,3150,22.2,0.0254,39.6,0.0229028,120.856
1191,4000,22.2,0.0254,39.6,0.0229028,119.646
1192,5000,22.2,0.0254,39.6,0.0229028,118.816
1193,630,0.0,0.1016,71.3,0.00121072,124.155
1194,800,0.0,0.1016,71.3,0.00121072,126.805
1195,1000,0.0,0.1016,71.3,0.00121072,128.825
1196,1250,0.0,0.1016,71.3,0.00121072,130.335
1197,1600,0.0,0.1016,71.3,0.00121072,131.725
1198,2000,0.0,0.1016,71.3,0.00121072,132.095
1199,2500,0.0,0.1016,71.3,0.00121072,132.595
1200,3150,0.0,0.1016,71.3,0.00121072,131.955
1201,4000,0.0,0.1016,71.3,0.00121072,130.935
1202,5000,0.0,0.1016,71.3,0.00121072,130.795
1203,6300,0.0,0.1016,71.3,0.00121072,129.395
1204,8000,0.0,0.1016,71.3,0.00121072,125.465
1205,10000,0.0,0.1016,71.3,0.00121072,123.305
1206,12500,0.0,0.1016,71.3,0.00121072,119.375
1207,630,0.0,0.1016,55.5,0.00131983,126.17
1208,800,0.0,0.1016,55.5,0.00131983,127.92
1209,1000,0.0,0.1016,55.5,0.00131983,129.8
1210,1250,0.0,0.1016,55.5,0.00131983,131.43
1211,1600,0.0,0.1016,55.5,0.00131983,132.05
1212,2000,0.0,0.1016,55.5,0.00131983,132.54
1213,2500,0.0,0.1016,55.5,0.00131983,133.04
1214,3150,0.0,0.1016,55.5,0.00131983,131.78
1215,4000,0.0,0.1016,55.5,0.00131983,129.5
1216,5000,0.0,0.1016,55.5,0.00131983,128.36
1217,6300,0.0,0.1016,55.5,0.00131983,127.73
1218,8000,0.0,0.1016,55.5,0.00131983,124.45
1219,10000,0.0,0.1016,55.5,0.00131983,121.93
1220,12500,0.0,0.1016,55.5,0.00131983,119.91
1221,630,0.0,0.1016,39.6,0.00146332,125.401
1222,800,0.0,0.1016,39.6,0.00146332,128.401
1223,1000,0.0,0.1016,39.6,0.00146332,130.781
1224,1250,0.0,0.1016,39.6,0.00146332,132.271
1225,1600,0.0,0.1016,39.6,0.00146332,133.261
1226,2000,0.0,0.1016,39.6,0.00146332,133.251
1227,2500,0.0,0.1016,39.6,0.00146332,132.611
1228,3150,0.0,0.1016,39.6,0.00146332,130.961
1229,4000,0.0,0.1016,39.6,0.00146332,127.801
1230,5000,0.0,0.1016,39.6,0.00146332,126.021
1231,6300,0.0,0.1016,39.6,0.00146332,125.631
1232,8000,0.0,0.1016,39.6,0.00146332,122.341
1233,10000,0.0,0.1016,39.6,0.00146332,119.561
1234,630,0.0,0.1016,31.7,0.00150092,126.413
1235,800,0.0,0.1016,31.7,0.00150092,129.053
1236,1000,0.0,0.1016,31.7,0.00150092,131.313
1237,1250,0.0,0.1016,31.7,0.00150092,133.063
1238,1600,0.0,0.1016,31.7,0.00150092,133.553
1239,2000,0.0,0.1016,31.7,0.00150092,133.153
1240,2500,0.0,0.1016,31.7,0.00150092,132.003
1241,3150,0.0,0.1016,31.7,0.00150092,129.973
1242,4000,0.0,0.1016,31.7,0.00150092,126.933
1243,5000,0.0,0.1016,31.7,0.00150092,124.393
1244,6300,0.0,0.1016,31.7,0.00150092,124.253
1245,8000,0.0,0.1016,31.7,0.00150092,120.193
1246,10000,0.0,0.1016,31.7,0.00150092,115.893
1247,800,3.3,0.1016,71.3,0.00202822,131.074
1248,1000,3.3,0.1016,71.3,0.00202822,131.434
1249,1250,3.3,0.1016,71.3,0.00202822,132.304
1250,1600,3.3,0.1016,71.3,0.00202822,133.664
1251,2000,3.3,0.1016,71.3,0.00202822,134.034
1252,2500,3.3,0.1016,71.3,0.00202822,133.894
1253,3150,3.3,0.1016,71.3,0.00202822,132.114
1254,4000,3.3,0.1016,71.3,0.00202822,128.704
1255,5000,3.3,0.1016,71.3,0.00202822,127.054
1256,6300,3.3,0.1016,71.3,0.00202822,124.904
1257,8000,3.3,0.1016,71.3,0.00202822,121.234
1258,10000,3.3,0.1016,71.3,0.00202822,116.694
1259,630,3.3,0.1016,55.5,0.002211,126.599
1260,800,3.3,0.1016,55.5,0.002211,129.119
1261,1000,3.3,0.1016,55.5,0.002211,131.129
1262,1250,3.3,0.1016,55.5,0.002211,132.769
1263,1600,3.3,0.1016,55.5,0.002211,133.649
1264,2000,3.3,0.1016,55.5,0.002211,133.649
1265,2500,3.3,0.1016,55.5,0.002211,132.889
1266,3150,3.3,0.1016,55.5,0.002211,130.629
1267,4000,3.3,0.1016,55.5,0.002211,127.229
1268,5000,3.3,0.1016,55.5,0.002211,124.839
1269,6300,3.3,0.1016,55.5,0.002211,123.839
1270,8000,3.3,0.1016,55.5,0.002211,120.569
1271,10000,3.3,0.1016,55.5,0.002211,115.659
1272,630,3.3,0.1016,39.6,0.00245138,127.251
1273,800,3.3,0.1016,39.6,0.00245138,129.991
1274,1000,3.3,0.1016,39.6,0.00245138,131.971
1275,1250,3.3,0.1016,39.6,0.00245138,133.211
1276,1600,3.3,0.1016,39.6,0.00245138,133.071
1277,2000,3.3,0.1016,39.6,0.00245138,132.301
1278,2500,3.3,0.1016,39.6,0.00245138,130.791
1279,3150,3.3,0.1016,39.6,0.00245138,128.401
1280,4000,3.3,0.1016,39.6,0.00245138,124.881
1281,5000,3.3,0.1016,39.6,0.00245138,122.371
1282,6300,3.3,0.1016,39.6,0.00245138,120.851
1283,8000,3.3,0.1016,39.6,0.00245138,118.091
1284,10000,3.3,0.1016,39.6,0.00245138,115.321
1285,630,3.3,0.1016,31.7,0.00251435,128.952
1286,800,3.3,0.1016,31.7,0.00251435,131.362
1287,1000,3.3,0.1016,31.7,0.00251435,133.012
1288,1250,3.3,0.1016,31.7,0.00251435,134.022
1289,1600,3.3,0.1016,31.7,0.00251435,133.402
1290,2000,3.3,0.1016,31.7,0.00251435,131.642
1291,2500,3.3,0.1016,31.7,0.00251435,130.392
1292,3150,3.3,0.1016,31.7,0.00251435,128.252
1293,4000,3.3,0.1016,31.7,0.00251435,124.852
1294,5000,3.3,0.1016,31.7,0.00251435,122.082
1295,6300,3.3,0.1016,31.7,0.00251435,120.702
1296,8000,3.3,0.1016,31.7,0.00251435,117.432
1297,630,6.7,0.1016,71.3,0.00478288,131.448
1298,800,6.7,0.1016,71.3,0.00478288,134.478
1299,1000,6.7,0.1016,71.3,0.00478288,136.758
1300,1250,6.7,0.1016,71.3,0.00478288,137.658
1301,1600,6.7,0.1016,71.3,0.00478288,136.678
1302,2000,6.7,0.1016,71.3,0.00478288,134.568
1303,2500,6.7,0.1016,71.3,0.00478288,131.458
1304,3150,6.7,0.1016,71.3,0.00478288,124.458
1305,500,6.7,0.1016,55.5,0.0052139,129.343
1306,630,6.7,0.1016,55.5,0.0052139,133.023
1307,800,6.7,0.1016,55.5,0.0052139,135.953
1308,1000,6.7,0.1016,55.5,0.0052139,137.233
1309,1250,6.7,0.1016,55.5,0.0052139,136.883
1310,1600,6.7,0.1016,55.5,0.0052139,133.653
1311,2000,6.7,0.1016,55.5,0.0052139,129.653
1312,2500,6.7,0.1016,55.5,0.0052139,124.273
1313,400,6.7,0.1016,39.6,0.00578076,128.295
1314,500,6.7,0.1016,39.6,0.00578076,130.955
1315,630,6.7,0.1016,39.6,0.00578076,133.355
1316,800,6.7,0.1016,39.6,0.00578076,134.625
1317,1000,6.7,0.1016,39.6,0.00578076,134.515
1318,1250,6.7,0.1016,39.6,0.00578076,132.395
1319,1600,6.7,0.1016,39.6,0.00578076,127.375
1320,2000,6.7,0.1016,39.6,0.00578076,122.235
1321,315,6.7,0.1016,31.7,0.00592927,126.266
1322,400,6.7,0.1016,31.7,0.00592927,128.296
1323,500,6.7,0.1016,31.7,0.00592927,130.206
1324,630,6.7,0.1016,31.7,0.00592927,132.116
1325,800,6.7,0.1016,31.7,0.00592927,132.886
1326,1000,6.7,0.1016,31.7,0.00592927,131.636
1327,1250,6.7,0.1016,31.7,0.00592927,129.256
1328,1600,6.7,0.1016,31.7,0.00592927,124.346
1329,2000,6.7,0.1016,31.7,0.00592927,120.446
1330,200,8.9,0.1016,71.3,0.0103088,133.503
1331,250,8.9,0.1016,71.3,0.0103088,134.533
1332,315,8.9,0.1016,71.3,0.0103088,136.583
1333,400,8.9,0.1016,71.3,0.0103088,138.123
1334,500,8.9,0.1016,71.3,0.0103088,138.523
1335,630,8.9,0.1016,71.3,0.0103088,138.423
1336,800,8.9,0.1016,71.3,0.0103088,137.813
1337,1000,8.9,0.1016,71.3,0.0103088,135.433
1338,1250,8.9,0.1016,71.3,0.0103088,132.793
1339,1600,8.9,0.1016,71.3,0.0103088,128.763
1340,2000,8.9,0.1016,71.3,0.0103088,124.233
1341,2500,8.9,0.1016,71.3,0.0103088,123.623
1342,3150,8.9,0.1016,71.3,0.0103088,123.263
1343,4000,8.9,0.1016,71.3,0.0103088,120.243
1344,5000,8.9,0.1016,71.3,0.0103088,116.723
1345,6300,8.9,0.1016,71.3,0.0103088,117.253
1346,200,8.9,0.1016,39.6,0.0124596,133.42
1347,250,8.9,0.1016,39.6,0.0124596,134.34
1348,315,8.9,0.1016,39.6,0.0124596,135.38
1349,400,8.9,0.1016,39.6,0.0124596,135.54
1350,500,8.9,0.1016,39.6,0.0124596,133.79
1351,630,8.9,0.1016,39.6,0.0124596,131.92
1352,800,8.9,0.1016,39.6,0.0124596,130.94
1353,1000,8.9,0.1016,39.6,0.0124596,129.58
1354,1250,8.9,0.1016,39.6,0.0124596,127.71
1355,1600,8.9,0.1016,39.6,0.0124596,123.82
1356,2000,8.9,0.1016,39.6,0.0124596,119.04
1357,2500,8.9,0.1016,39.6,0.0124596,119.19
1358,3150,8.9,0.1016,39.6,0.0124596,119.35
1359,4000,8.9,0.1016,39.6,0.0124596,116.22
1360,5000,8.9,0.1016,39.6,0.0124596,113.08
1361,6300,8.9,0.1016,39.6,0.0124596,113.11
1362,200,12.3,0.1016,71.3,0.0337792,130.588
1363,250,12.3,0.1016,71.3,0.0337792,131.568
1364,315,12.3,0.1016,71.3,0.0337792,137.068
1365,630,12.3,0.1016,71.3,0.0337792,135.368
1366,800,12.3,0.1016,71.3,0.0337792,127.318
1367,1000,12.3,0.1016,71.3,0.0337792,127.928
1368,1250,12.3,0.1016,71.3,0.0337792,126.648
1369,1600,12.3,0.1016,71.3,0.0337792,124.748
1370,2000,12.3,0.1016,71.3,0.0337792,122.218
1371,2500,12.3,0.1016,71.3,0.0337792,121.318
1372,3150,12.3,0.1016,71.3,0.0337792,120.798
1373,4000,12.3,0.1016,71.3,0.0337792,118.018
1374,5000,12.3,0.1016,71.3,0.0337792,116.108
1375,6300,12.3,0.1016,71.3,0.0337792,113.958
1376,200,12.3,0.1016,55.5,0.0368233,132.304
1377,250,12.3,0.1016,55.5,0.0368233,133.294
1378,315,12.3,0.1016,55.5,0.0368233,135.674
1379,400,12.3,0.1016,55.5,0.0368233,136.414
1380,500,12.3,0.1016,55.5,0.0368233,133.774
1381,630,12.3,0.1016,55.5,0.0368233,124.244
1382,800,12.3,0.1016,55.5,0.0368233,125.114
1383,1000,12.3,0.1016,55.5,0.0368233,125.484
1384,1250,12.3,0.1016,55.5,0.0368233,124.214
1385,1600,12.3,0.1016,55.5,0.0368233,121.824
1386,2000,12.3,0.1016,55.5,0.0368233,118.564
1387,2500,12.3,0.1016,55.5,0.0368233,117.054
1388,3150,12.3,0.1016,55.5,0.0368233,116.914
1389,4000,12.3,0.1016,55.5,0.0368233,114.404
1390,5000,12.3,0.1016,55.5,0.0368233,112.014
1391,200,12.3,0.1016,39.6,0.0408268,128.545
1392,250,12.3,0.1016,39.6,0.0408268,129.675
1393,315,12.3,0.1016,39.6,0.0408268,129.415
1394,400,12.3,0.1016,39.6,0.0408268,128.265
1395,500,12.3,0.1016,39.6,0.0408268,122.205
1396,630,12.3,0.1016,39.6,0.0408268,121.315
1397,800,12.3,0.1016,39.6,0.0408268,122.315
1398,1000,12.3,0.1016,39.6,0.0408268,122.435
1399,1250,12.3,0.1016,39.6,0.0408268,121.165
1400,1600,12.3,0.1016,39.6,0.0408268,117.875
1401,2000,12.3,0.1016,39.6,0.0408268,114.085
1402,2500,12.3,0.1016,39.6,0.0408268,113.315
1403,3150,12.3,0.1016,39.6,0.0408268,113.055
1404,200,12.3,0.1016,31.7,0.0418756,124.987
1405,250,12.3,0.1016,31.7,0.0418756,125.857
1406,315,12.3,0.1016,31.7,0.0418756,124.717
1407,400,12.3,0.1016,31.7,0.0418756,123.207
1408,500,12.3,0.1016,31.7,0.0418756,118.667
1409,630,12.3,0.1016,31.7,0.0418756,119.287
1410,800,12.3,0.1016,31.7,0.0418756,120.037
1411,1000,12.3,0.1016,31.7,0.0418756,119.777
1412,1250,12.3,0.1016,31.7,0.0418756,118.767
1413,1600,12.3,0.1016,31.7,0.0418756,114.477
1414,200,15.6,0.1016,71.3,0.0437259,130.898
1415,250,15.6,0.1016,71.3,0.0437259,132.158
1416,315,15.6,0.1016,71.3,0.0437259,133.808
1417,400,15.6,0.1016,71.3,0.0437259,134.058
1418,500,15.6,0.1016,71.3,0.0437259,130.638
1419,630,15.6,0.1016,71.3,0.0437259,122.288
1420,800,15.6,0.1016,71.3,0.0437259,124.188
1421,1000,15.6,0.1016,71.3,0.0437259,124.438
1422,1250,15.6,0.1016,71.3,0.0437259,123.178
1423,1600,15.6,0.1016,71.3,0.0437259,121.528
1424,2000,15.6,0.1016,71.3,0.0437259,119.888
1425,2500,15.6,0.1016,71.3,0.0437259,118.998
1426,3150,15.6,0.1016,71.3,0.0437259,116.468
1427,4000,15.6,0.1016,71.3,0.0437259,113.298
1428,200,15.6,0.1016,39.6,0.0528487,123.514
1429,250,15.6,0.1016,39.6,0.0528487,124.644
1430,315,15.6,0.1016,39.6,0.0528487,122.754
1431,400,15.6,0.1016,39.6,0.0528487,120.484
1432,500,15.6,0.1016,39.6,0.0528487,115.304
1433,630,15.6,0.1016,39.6,0.0528487,118.084
1434,800,15.6,0.1016,39.6,0.0528487,118.964
1435,1000,15.6,0.1016,39.6,0.0528487,119.224
1436,1250,15.6,0.1016,39.6,0.0528487,118.214
1437,1600,15.6,0.1016,39.6,0.0528487,114.554
